{"cameraMode":{"drawMode":0,"name":"Shaded","section":"Shading Mode"},"sceneLighting":false,"audioPlay":false,"sceneViewState":{"m_AlwaysRefresh":false,"showFog":true,"showSkybox":true,"showFlares":true,"showImageEffects":true,"showParticleSystems":true,"showVisualEffectGraphs":true,"m_FxEnabled":false},"in2DMode":false,"pivot":{"x":215.25123596191407,"y":25.076494216918947,"z":308.10443115234377},"rotation":{"x":0.2604125440120697,"y":-0.11406971514225006,"z":0.03186551481485367,"w":0.9582580924034119},"size":3.2281789779663088,"orthographic":false}